bike_id,station_id,bike_type,gear_count,manufacture_year,daily_fee
B037,S13,일반　,３단,2019,"1,000"
B016,S25,일 반,３단,2017,"1,000"
B031,S19,일반,3단,2018,"1,000"
B018,s11,일반,3단,N/A,"1,000"
B015,S26,전동,7단,2015,"2,000"
B019,S05,일반,3단,2018,"1,000"
B042,S23,일반,３단,2016,"1,000"
B010,S20,전동,7단,2015,"2,000"
B006,S03,일반　,3단,N/A,"1,000"
B041,s22,일반,3단,2019,"1,000"
B030,S10,전동,７단,2020,"2,000"
B020,S25,electric,7단,2020,"2,000"
B009,S08,일반,3단,2023,"1,000"
B005,S22,electric,7단,2023,"2,000"
B040,S12,전동,７단,2018,"2,000"
B004,S05,일반,3단,2016,"1,000"
B032,s23,일반,3단,2016,"1,000"
B011,s18,일반형,3단,2018,"1,000"
B047,S30,일 반,3단,2023,"1,000"
B014,S15,일반　,３단,2019,"1,000"
B048,S08,일반,3단,N/A,"1,000"
B026,S24,일 반,3단,불명,"1,000"
B027,S18,일 반,３단,2016,"1,000"
B036,S28,일반형,３단,2016,"1,000"
B029,S03,일반형,３단,2023,"1,000"
B024,S20,일반　,３단,2019,"1,000"
B023,S12,일 반,３단,2020,"1,000"
B018,s11,일반,3단,N/A,"1,000"
B026,S24,일 반,3단,불명,"1,000"
B034,S25,일반,３단,2019,"1,000"
B001,S21,일반,３단,2016,"1,000"
B043,,일반형,3단,2017,"1,000"
B045,S06,electric,7단,2022,"2,000"
B046,S13,일반,3단,N/A,"1,000"
B013,s14,일 반,3단,2018,"1,000"
B025,s26,전동,7단,2015,"2,000"
B050,S08,electric,7단,2015,"2,000"
B033,S02,일반형,３단,2018,"1,000"
B042,S23,일반,３단,2016,"1,000"
B021,S04,일 반,3단,N/A,"1,000"
B023,S12,일 반,３단,2020,"1,000"
B028,S30,일 반,３단,2021,"1,000"
B039,S06,일반,3단,2020,"1,000"
B007,S02,일반　,3단,2015,"1,000"
B003,S08,일반　,３단,2018,"1,000"
B049,S27,일 반,3단,2015,"1,000"
B038,S15,일반,３단,2020,"1,000"
B012,S23,일반,３단,2023,"1,000"
B017,S23,일반,３단,2021,"1,000"
B008,S03,일반,3단,2018,"1,000"
B002,S01,일 반,3단,2019,"1,000"
B022,S13,일반,3단,2016,"1,000"
B035,s03,전동,７단,2018,"2,000"
B033,S02,일반형,３단,2018,"1,000"
B044,S18,일반,3단,2018,"1,000"
