station_id,station_name,district
S01,강남역 1번 대여소,강남구
S02,강동역 2번 대여소,강동구
S03,강북역 3번 대여소,강북구
S04,강서역 4번 대여소,강서구
S05,관악역 5번 대여소,관악구
S06,광진역 6번 대여소,광진구
S07,구로역 7번 대여소,구로구
S08,금천역 8번 대여소,금천구
S09,노원역 9번 대여소,노원구
S10,도봉역 10번 대여소,도봉구
S11,강남역 11번 대여소,강남구
S12,강동역 12번 대여소,강동구
S13,강북역 13번 대여소,강북구
S14,강서역 14번 대여소,강서구
S15,관악역 15번 대여소,관악구
S16,광진역 16번 대여소,광진구
S17,구로역 17번 대여소,구로구
S18,금천역 18번 대여소,금천구
S19,노원역 19번 대여소,노원구
S20,도봉역 20번 대여소,도봉구
S21,강남역 21번 대여소,강남구
S22,강동역 22번 대여소,강동구
S23,강북역 23번 대여소,강북구
S24,강서역 24번 대여소,강서구
S25,관악역 25번 대여소,관악구
S26,광진역 26번 대여소,광진구
S27,구로역 27번 대여소,구로구
S28,금천역 28번 대여소,금천구
S29,노원역 29번 대여소,노원구
S30,도봉역 30번 대여소,도봉구
